order_id,customer_id,restaurant_id,order_date
1,351,25,2023-06-23
2,72,18,2023-11-05
3,138,32,2023-05-30
4,33,11,2024-03-21
5,142,27,2023-11-03
6,248,5,2024-01-05
7,129,16,2025-01-08
8,321,32,2024-08-31
9,316,13,2024-04-13
10,55,9,2023-11-08
11,4,26,2023-12-07
12,431,40,2024-01-25
13,412,22,2024-03-26
14,172,28,2025-04-15
15,422,42,2024-08-31
16,70,20,2023-11-25
17,309,45,2023-07-25
18,246,21,2023-07-01
19,494,26,2023-11-23
20,150,48,2024-12-12
21,325,32,2024-08-12
22,401,16,2023-11-30
23,193,18,2025-04-16
24,403,26,2024-01-09
25,59,37,2023-07-24
26,304,35,2023-07-04
27,350,50,2024-07-17
28,14,47,2024-04-17
29,483,46,2023-08-03
30,225,19,2025-05-01
31,355,5,2025-04-18
32,435,27,2024-11-20
33,256,9,2024-10-10
34,156,16,2023-09-16
35,338,10,2025-01-02
36,217,25,2023-03-17
37,230,39,2024-05-05
38,299,26,2024-07-01
39,260,45,2024-03-04
40,279,3,2025-03-20
41,496,24,2024-12-19
42,459,35,2024-08-31
43,327,6,2023-04-22
44,394,16,2024-11-04
45,341,23,2023-06-20
46,332,40,2023-02-15
47,289,42,2024-11-24
48,332,26,2025-02-09
49,170,28,2023-04-19
50,6,7,2023-09-22
51,114,33,2025-02-03
52,266,36,2024-08-17
53,353,37,2023-08-15
54,229,24,2024-02-05
55,238,50,2024-11-26
56,302,45,2024-05-27
57,78,23,2023-01-26
58,248,7,2023-10-30
59,213,6,2023-04-29
60,426,47,2023-05-26
61,179,20,2023-12-18
62,234,14,2024-06-17
63,248,23,2024-05-02
64,50,29,2025-01-09
65,357,29,2023-11-23
66,35,20,2023-02-15
67,415,46,2023-04-28
68,12,22,2024-10-25
69,56,44,2025-03-30
70,85,48,2023-09-07
71,265,12,2024-07-19
72,82,22,2024-07-27
73,219,30,2023-08-26
74,409,26,2024-10-06
75,95,12,2024-10-17
76,337,28,2024-02-10
77,15,48,2024-09-20
78,453,13,2024-04-05
79,304,28,2024-02-03
80,3,46,2023-08-08
81,106,18,2025-02-09
82,361,5,2024-08-14
83,53,35,2023-07-11
84,188,21,2023-07-21
85,235,8,2023-09-26
86,344,32,2024-06-24
87,495,41,2023-11-17
88,306,25,2024-09-17
89,201,38,2023-04-27
90,179,23,2025-05-15
91,235,40,2023-06-26
92,417,44,2024-12-23
93,410,20,2024-09-21
94,303,6,2024-11-19
95,69,21,2023-05-01
96,123,20,2023-04-30
97,94,24,2024-12-11
98,73,33,2024-02-02
99,215,39,2023-05-22
100,295,25,2024-03-09
101,96,32,2024-10-12
102,276,45,2024-10-22
103,477,12,2024-07-22
104,86,32,2023-10-23
105,72,12,2023-11-19
106,432,29,2024-09-26
107,28,23,2023-01-10
108,249,9,2023-07-19
109,418,25,2024-07-29
110,259,42,2024-05-21
111,210,44,2024-05-18
112,213,46,2025-05-10
113,228,32,2023-06-21
114,43,37,2023-02-01
115,408,49,2023-08-14
116,150,3,2023-10-09
117,116,35,2023-10-23
118,87,50,2024-04-13
119,290,48,2025-03-02
120,393,32,2024-07-16
121,262,8,2024-08-09
122,59,18,2025-03-04
123,279,24,2024-07-09
124,422,49,2023-02-12
125,390,47,2024-03-27
126,280,14,2024-03-11
127,53,48,2025-04-29
128,335,49,2023-09-11
129,153,3,2024-04-05
130,135,23,2025-06-01
131,419,6,2024-03-25
132,444,8,2025-03-05
133,416,16,2023-08-03
134,416,48,2024-08-25
135,353,23,2025-05-31
136,364,40,2024-10-09
137,220,11,2024-09-22
138,72,14,2025-04-13
139,106,4,2024-08-06
140,180,35,2023-10-15
141,306,35,2023-06-22
142,166,46,2023-10-27
143,149,37,2023-10-01
144,488,33,2024-11-26
145,418,7,2023-05-19
146,493,49,2025-03-15
147,211,4,2023-10-11
148,444,42,2023-05-10
149,360,9,2023-09-13
150,75,46,2023-11-26
151,425,16,2025-02-18
152,432,44,2024-02-07
153,251,10,2024-08-14
154,324,18,2024-10-04
155,213,25,2024-04-07
156,39,41,2025-03-24
157,451,50,2023-04-06
158,207,33,2025-02-06
159,143,45,2025-06-17
160,189,30,2024-05-14
161,168,38,2023-01-03
162,445,50,2025-05-17
163,376,6,2025-01-18
164,498,30,2024-10-12
165,341,45,2024-01-02
166,436,5,2025-03-25
167,274,26,2023-08-12
168,496,28,2025-04-24
169,109,32,2023-10-02
170,166,19,2023-12-12
171,281,37,2023-05-14
172,290,32,2025-03-18
173,176,44,2025-02-19
174,25,3,2023-04-12
175,321,30,2023-01-17
176,64,11,2024-03-27
177,234,1,2024-03-14
178,104,45,2023-05-16
179,452,42,2023-11-06
180,82,18,2023-04-06
181,336,24,2023-09-14
182,43,24,2024-11-11
183,463,42,2023-06-19
184,27,26,2024-10-02
185,157,47,2024-12-17
186,387,15,2024-03-15
187,336,6,2024-12-21
188,49,1,2023-08-07
189,245,5,2023-05-16
190,304,15,2024-06-15
191,349,29,2023-01-10
192,5,45,2023-12-18
193,419,8,2025-05-30
194,217,45,2023-05-16
195,245,5,2023-08-23
196,197,6,2025-01-18
197,413,7,2023-04-16
198,161,24,2025-06-21
199,154,9,2024-01-27
200,397,49,2025-06-14
201,69,42,2024-11-24
202,74,5,2024-06-27
203,289,1,2024-09-16
204,333,11,2024-03-26
205,180,47,2023-08-07
206,322,48,2023-06-05
207,471,27,2024-09-22
208,352,29,2025-05-30
209,112,6,2023-04-13
210,72,49,2023-05-07
211,302,47,2024-01-29
212,180,28,2023-11-19
213,406,9,2023-09-11
214,142,42,2023-03-28
215,128,36,2024-09-07
216,308,47,2024-09-14
217,146,50,2024-12-08
218,14,43,2025-06-15
219,155,14,2024-06-14
220,311,33,2023-07-13
221,383,26,2023-10-30
222,331,4,2025-03-13
223,460,16,2024-05-21
224,198,8,2023-09-04
225,256,41,2024-08-31
226,37,34,2025-06-29
227,7,24,2023-11-21
228,68,25,2025-05-31
229,430,37,2024-03-06
230,188,35,2024-11-30
231,89,49,2024-04-27
232,489,50,2023-03-16
233,9,38,2023-03-11
234,8,17,2023-08-09
235,21,4,2025-03-19
236,204,33,2023-10-21
237,322,46,2024-05-28
238,393,27,2024-03-09
239,360,26,2023-03-26
240,328,35,2024-07-04
241,316,10,2023-10-12
242,43,20,2023-03-22
243,262,14,2025-04-07
244,80,35,2023-12-01
245,201,38,2024-10-11
246,391,42,2024-11-28
247,330,5,2023-11-14
248,358,28,2025-01-17
249,489,16,2023-03-01
250,126,6,2024-03-20
251,60,30,2024-09-18
252,312,4,2023-11-13
253,342,48,2024-11-04
254,380,12,2023-05-03
255,7,46,2023-05-21
256,360,1,2023-06-17
257,255,23,2024-06-19
258,265,47,2023-09-23
259,86,24,2023-05-10
260,384,50,2025-06-13
261,138,47,2025-06-26
262,61,50,2023-01-31
263,172,28,2023-10-06
264,269,5,2023-09-27
265,365,37,2024-10-04
266,40,32,2024-04-11
267,262,24,2023-02-26
268,256,37,2023-06-20
269,189,11,2023-09-19
270,396,7,2024-08-10
271,346,47,2023-04-29
272,117,48,2024-06-05
273,2,3,2025-05-29
274,442,1,2023-09-08
275,24,31,2024-01-08
276,197,10,2023-07-03
277,477,3,2024-07-20
278,412,46,2025-01-28
279,336,27,2023-08-18
280,165,16,2024-03-02
281,469,47,2023-11-24
282,139,5,2024-08-08
283,191,8,2024-05-29
284,345,4,2023-07-03
285,115,34,2023-02-17
286,489,26,2023-03-12
287,450,30,2025-06-05
288,145,50,2025-05-15
289,160,21,2023-03-30
290,284,30,2023-01-09
291,189,13,2023-10-26
292,289,20,2025-01-27
293,319,16,2024-04-20
294,189,38,2024-05-20
295,396,50,2023-07-20
296,376,35,2025-02-17
297,408,16,2023-06-04
298,4,27,2023-01-25
299,120,35,2023-12-21
300,326,45,2025-06-17
301,5,22,2023-01-02
302,389,43,2024-01-21
303,435,48,2025-01-14
304,158,7,2023-07-30
305,272,16,2024-03-05
306,252,4,2023-05-26
307,365,18,2023-04-06
308,23,15,2025-05-15
309,267,27,2024-12-18
310,459,24,2024-04-14
311,499,48,2023-03-28
312,298,7,2024-06-01
313,69,41,2025-04-19
314,202,5,2024-08-29
315,291,4,2024-03-21
316,340,9,2023-08-31
317,150,17,2025-05-21
318,162,26,2024-12-18
319,426,48,2023-12-01
320,163,29,2023-10-06
321,120,5,2023-07-27
322,70,50,2025-02-27
323,300,7,2023-06-09
324,55,11,2024-04-05
325,239,21,2024-02-21
326,62,35,2024-01-02
327,494,50,2023-08-01
328,232,20,2024-04-19
329,136,8,2023-04-03
330,81,44,2023-11-08
331,424,46,2024-12-14
332,309,3,2023-08-09
333,428,21,2023-06-01
334,47,46,2023-09-12
335,496,23,2024-02-10
336,263,4,2024-11-24
337,154,17,2025-04-19
338,90,2,2024-02-19
339,438,29,2024-07-23
340,384,36,2023-09-13
341,49,30,2023-04-15
342,412,9,2023-05-05
343,7,4,2025-04-30
344,400,15,2023-05-14
345,102,26,2024-01-17
346,352,41,2024-10-22
347,44,38,2024-08-23
348,133,5,2023-01-23
349,34,13,2024-10-23
350,228,9,2023-04-05
351,464,22,2023-05-06
352,22,30,2023-02-21
353,87,37,2024-03-19
354,421,47,2024-02-09
355,255,2,2024-01-27
356,350,28,2023-06-26
357,182,14,2023-07-11
358,141,18,2024-04-01
359,453,10,2023-02-05
360,315,40,2024-09-23
361,126,42,2023-10-30
362,256,27,2025-06-22
363,282,31,2023-03-04
364,45,18,2024-01-28
365,71,27,2023-07-24
366,330,34,2023-09-13
367,323,35,2025-03-24
368,10,25,2025-03-11
369,366,23,2024-05-06
370,279,32,2023-12-19
371,468,37,2024-05-29
372,165,25,2023-10-04
373,93,2,2023-11-23
374,306,15,2023-01-31
375,459,50,2023-10-15
376,30,31,2024-06-26
377,184,50,2024-08-21
378,120,11,2023-04-13
379,127,43,2023-09-04
380,137,35,2025-04-15
381,406,48,2023-02-27
382,392,15,2024-08-12
383,434,25,2023-12-30
384,479,12,2023-06-30
385,122,38,2023-11-22
386,413,48,2024-12-15
387,184,38,2023-01-29
388,361,45,2023-12-27
389,486,37,2024-07-31
390,73,37,2023-07-12
391,429,32,2024-07-09
392,159,12,2024-05-17
393,20,6,2023-02-27
394,120,39,2023-08-13
395,11,34,2024-05-04
396,1,22,2024-09-20
397,104,9,2023-12-15
398,368,12,2025-04-01
399,433,21,2023-03-02
400,12,10,2024-08-23
401,361,10,2025-03-03
402,57,34,2025-05-31
403,187,5,2024-01-18
404,361,43,2024-02-10
405,301,7,2023-12-11
406,155,21,2023-05-20
407,500,11,2025-01-19
408,486,28,2025-03-21
409,328,32,2024-10-26
410,163,12,2024-12-25
411,496,36,2024-12-11
412,456,40,2025-03-16
413,183,15,2024-11-12
414,302,12,2024-01-23
415,158,47,2024-12-06
416,151,9,2023-07-01
417,374,1,2024-12-19
418,486,37,2024-02-05
419,436,50,2024-08-04
420,17,12,2024-09-08
421,163,40,2023-08-15
422,328,37,2023-04-17
423,480,32,2023-05-25
424,170,48,2023-03-21
425,122,23,2023-11-24
426,86,41,2025-06-25
427,494,6,2025-04-21
428,363,43,2024-10-16
429,374,22,2024-04-02
430,6,17,2023-08-03
431,128,45,2023-03-11
432,180,17,2025-03-16
433,56,47,2023-01-02
434,25,25,2024-03-24
435,376,27,2023-06-20
436,453,27,2024-05-19
437,452,25,2023-12-26
438,280,25,2023-04-14
439,425,31,2025-03-18
440,443,37,2024-10-28
441,389,44,2023-08-19
442,84,29,2023-03-17
443,410,3,2023-10-29
444,11,21,2023-09-25
445,488,7,2023-03-17
446,176,11,2025-06-28
447,193,11,2025-01-19
448,39,36,2023-04-06
449,174,39,2024-09-20
450,458,31,2024-12-22
451,16,28,2024-10-31
452,85,39,2024-03-20
453,81,4,2023-04-14
454,170,14,2023-07-14
455,210,45,2024-07-21
456,370,47,2024-07-07
457,136,43,2023-10-16
458,153,16,2023-04-09
459,26,26,2024-08-08
460,282,32,2023-06-07
461,28,24,2023-01-04
462,219,6,2023-10-29
463,422,43,2024-10-02
464,308,31,2023-07-24
465,50,2,2023-07-31
466,88,41,2023-10-26
467,42,31,2025-05-14
468,60,20,2025-03-14
469,204,31,2024-05-15
470,459,43,2023-09-29
471,47,42,2024-07-11
472,199,12,2024-01-15
473,454,25,2024-01-14
474,96,29,2023-02-15
475,135,29,2024-04-21
476,135,15,2025-05-07
477,138,37,2023-03-05
478,78,49,2024-12-14
479,342,7,2023-03-29
480,343,23,2025-04-07
481,278,27,2025-02-13
482,302,15,2024-07-20
483,32,25,2025-04-18
484,268,27,2024-07-02
485,352,31,2024-08-09
486,452,16,2024-05-02
487,154,6,2024-02-09
488,463,46,2023-02-05
489,258,37,2024-06-13
490,410,37,2024-11-24
491,318,10,2023-05-04
492,487,49,2024-04-04
493,89,11,2023-08-05
494,414,13,2023-05-10
495,22,28,2023-03-22
496,350,28,2023-07-26
497,422,41,2023-06-01
498,428,39,2023-09-22
499,164,47,2025-04-06
500,35,6,2024-02-02
501,285,26,2024-07-19
502,167,18,2024-06-16
503,235,1,2025-03-16
504,359,40,2024-08-24
505,268,27,2023-04-26
506,213,10,2023-06-01
507,291,38,2024-08-19
508,389,7,2023-04-19
509,289,50,2023-04-14
510,403,19,2025-06-07
511,275,23,2025-06-17
512,211,17,2024-01-28
513,336,32,2024-08-08
514,312,31,2023-02-08
515,89,18,2024-02-17
516,74,40,2024-09-15
517,349,45,2024-02-16
518,20,26,2025-06-29
519,451,22,2024-12-08
520,122,4,2025-02-02
521,244,18,2024-01-17
522,11,22,2025-04-17
523,407,20,2023-11-15
524,144,32,2025-05-28
525,357,44,2023-04-11
526,498,15,2023-05-18
527,154,48,2024-03-29
528,397,21,2023-10-03
529,374,27,2024-09-11
530,331,6,2023-07-12
531,227,14,2025-04-23
532,209,48,2024-05-11
533,389,34,2025-06-07
534,192,4,2024-06-11
535,406,11,2023-03-09
536,160,46,2024-06-02
537,207,9,2025-03-10
538,436,34,2025-06-19
539,292,2,2023-06-27
540,99,13,2025-05-07
541,30,16,2023-02-03
542,234,4,2024-01-05
543,361,13,2023-10-08
544,189,30,2024-06-01
545,204,41,2023-05-07
546,349,2,2023-09-05
547,191,32,2024-08-31
548,229,12,2025-06-10
549,243,38,2024-07-18
550,180,23,2023-06-17
551,429,17,2025-02-05
552,426,45,2023-04-03
553,146,2,2024-01-31
554,26,11,2025-05-24
555,293,50,2023-08-08
556,439,15,2024-10-24
557,116,44,2023-07-31
558,138,42,2024-02-24
559,263,2,2025-06-04
560,400,50,2024-11-29
561,5,31,2023-05-16
562,332,12,2024-09-07
563,411,1,2023-08-18
564,130,39,2025-04-04
565,483,20,2024-12-30
566,496,46,2024-10-20
567,141,28,2024-01-21
568,437,23,2024-04-15
569,130,14,2024-04-22
570,155,44,2024-06-17
571,423,40,2024-02-11
572,300,7,2023-01-08
573,262,43,2025-05-13
574,430,24,2024-07-28
575,332,39,2024-09-15
576,145,20,2024-12-01
577,56,31,2023-03-07
578,173,18,2024-10-17
579,167,18,2023-09-25
580,336,46,2024-10-29
581,153,13,2023-06-03
582,265,49,2023-09-04
583,461,4,2025-04-04
584,439,39,2024-02-18
585,339,21,2024-11-28
586,72,47,2023-01-27
587,336,32,2023-10-30
588,133,27,2024-02-19
589,199,48,2023-02-06
590,299,46,2024-08-08
591,418,13,2023-12-18
592,372,46,2023-08-16
593,352,35,2024-10-15
594,402,31,2024-11-18
595,184,33,2023-11-04
596,433,11,2025-05-10
597,337,36,2023-07-05
598,151,7,2024-04-27
599,66,48,2023-09-22
600,372,36,2025-02-20
601,468,12,2024-11-27
602,461,22,2024-11-01
603,46,15,2023-12-30
604,115,48,2025-06-11
605,158,27,2025-03-18
606,455,22,2024-01-16
607,134,38,2023-10-29
608,238,8,2024-04-26
609,28,41,2024-08-20
610,298,40,2023-03-14
611,242,13,2024-05-27
612,62,44,2024-01-26
613,272,20,2024-02-28
614,28,10,2023-05-21
615,103,22,2024-02-24
616,292,30,2023-05-27
617,162,46,2023-07-04
618,399,6,2024-05-14
619,171,41,2023-07-01
620,161,41,2023-03-01
621,3,29,2023-10-08
622,108,49,2025-03-03
623,87,37,2025-02-21
624,82,32,2025-03-15
625,391,50,2023-04-01
626,67,40,2024-03-20
627,325,28,2024-02-18
628,220,31,2024-01-28
629,3,3,2024-06-30
630,103,47,2024-01-18
631,487,1,2023-11-26
632,388,34,2023-07-15
633,10,44,2023-01-05
634,321,47,2023-09-12
635,116,45,2025-06-17
636,177,20,2023-05-13
637,53,25,2024-05-30
638,302,20,2023-06-21
639,34,3,2023-11-02
640,486,19,2024-04-11
641,373,34,2024-09-02
642,269,22,2024-03-20
643,455,44,2023-05-18
644,176,32,2024-01-03
645,385,13,2023-06-18
646,486,26,2023-01-20
647,117,15,2025-01-14
648,68,14,2025-01-21
649,12,38,2024-05-31
650,87,8,2024-01-11
651,365,42,2025-03-22
652,20,25,2025-06-16
653,328,17,2025-02-28
654,274,40,2023-02-19
655,305,4,2024-11-08
656,56,42,2025-05-06
657,11,4,2024-12-07
658,60,27,2024-03-30
659,195,8,2024-07-14
660,130,31,2024-12-19
661,79,14,2024-12-12
662,352,41,2023-01-10
663,155,27,2024-11-08
664,52,43,2024-06-16
665,139,40,2024-09-12
666,359,9,2024-03-04
667,426,7,2024-06-07
668,369,40,2023-05-01
669,145,8,2025-03-14
670,55,32,2023-07-23
671,312,13,2025-03-07
672,135,34,2023-07-26
673,184,46,2024-02-24
674,152,11,2023-02-10
675,281,32,2023-08-01
676,353,31,2023-12-05
677,121,1,2023-01-14
678,344,6,2023-04-24
679,428,37,2024-11-16
680,253,10,2023-04-03
681,400,33,2023-03-18
682,371,47,2023-04-14
683,464,17,2024-10-21
684,119,30,2023-10-31
685,136,30,2023-02-21
686,52,12,2025-06-14
687,21,19,2024-01-04
688,411,44,2023-11-17
689,219,48,2023-04-29
690,49,49,2023-02-16
691,5,9,2024-11-10
692,332,11,2023-12-03
693,184,29,2024-09-28
694,138,47,2023-04-06
695,191,22,2023-07-07
696,59,26,2024-02-14
697,493,30,2023-10-06
698,428,25,2024-12-07
699,436,31,2025-03-30
700,216,42,2025-06-26
701,409,11,2023-04-26
702,68,45,2025-01-13
703,31,11,2023-04-17
704,214,38,2024-05-09
705,411,37,2024-11-25
706,225,12,2024-09-17
707,195,50,2024-01-03
708,314,2,2025-06-02
709,351,47,2023-05-14
710,248,32,2023-04-26
711,455,27,2024-03-27
712,24,5,2023-09-25
713,336,21,2023-01-13
714,361,44,2024-06-21
715,393,48,2024-08-13
716,371,37,2023-08-18
717,490,43,2025-06-13
718,174,34,2024-06-19
719,353,45,2024-09-25
720,49,28,2024-11-08
721,373,16,2024-05-08
722,178,43,2024-11-23
723,329,25,2023-06-02
724,430,36,2024-09-19
725,28,1,2024-10-20
726,479,11,2024-06-01
727,435,31,2025-05-22
728,254,11,2023-03-18
729,385,32,2023-11-25
730,124,22,2023-10-12
731,26,33,2023-08-17
732,282,42,2024-01-23
733,207,16,2023-03-22
734,236,29,2025-03-31
735,294,29,2023-04-01
736,439,32,2024-04-02
737,162,8,2024-05-24
738,382,42,2023-01-19
739,53,26,2024-02-27
740,19,36,2024-07-16
741,1,6,2025-03-21
742,310,40,2024-10-14
743,156,33,2024-07-29
744,106,42,2024-11-18
745,234,22,2024-01-08
746,423,4,2025-04-16
747,115,30,2023-12-06
748,287,50,2024-09-26
749,308,31,2025-01-03
750,337,24,2025-01-03
751,232,8,2023-04-10
752,389,43,2023-08-16
753,2,22,2023-12-30
754,425,41,2025-03-30
755,150,36,2024-06-18
756,192,45,2023-04-19
757,24,11,2024-05-19
758,72,46,2025-01-30
759,370,27,2023-04-20
760,131,40,2023-07-20
761,97,8,2025-05-22
762,202,14,2024-04-13
763,423,13,2025-01-03
764,174,7,2025-02-14
765,213,3,2024-10-10
766,429,44,2024-08-25
767,64,50,2024-04-06
768,235,43,2024-08-26
769,490,33,2023-05-18
770,494,32,2023-01-05
771,272,48,2023-02-19
772,284,28,2025-05-08
773,300,31,2024-06-04
774,400,12,2024-12-09
775,297,12,2025-01-18
776,418,9,2023-04-17
777,199,43,2024-09-06
778,311,21,2024-05-31
779,452,25,2024-03-04
780,312,45,2025-02-19
781,128,18,2024-02-12
782,494,22,2023-10-29
783,232,9,2023-05-22
784,212,39,2024-12-17
785,454,48,2024-06-08
786,154,45,2024-07-14
787,441,21,2024-12-29
788,378,36,2024-10-09
789,112,13,2023-08-03
790,320,46,2023-10-25
791,352,23,2024-11-19
792,68,46,2024-10-27
793,500,12,2024-05-30
794,278,45,2024-10-14
795,166,46,2023-04-29
796,390,23,2024-07-29
797,246,38,2024-08-07
798,483,43,2024-12-28
799,214,44,2025-02-04
800,458,35,2023-10-20
801,450,28,2025-04-07
802,7,34,2023-04-20
803,13,25,2023-05-29
804,28,43,2023-02-27
805,103,18,2025-02-07
806,403,11,2023-10-21
807,350,17,2023-05-30
808,430,4,2024-12-08
809,402,19,2023-07-28
810,386,35,2023-02-03
811,184,29,2023-04-15
812,316,44,2025-01-27
813,288,15,2025-01-30
814,332,36,2024-02-03
815,122,33,2025-03-14
816,408,45,2023-10-22
817,355,43,2023-02-18
818,475,25,2024-02-01
819,214,44,2023-11-17
820,495,36,2023-02-25
821,7,48,2023-09-15
822,104,40,2025-06-08
823,400,29,2025-04-29
824,116,41,2024-12-22
825,364,42,2024-01-12
826,387,38,2024-07-13
827,379,39,2023-07-21
828,398,47,2023-07-18
829,151,29,2023-07-01
830,350,5,2023-07-11
831,493,12,2025-01-22
832,264,8,2024-01-22
833,21,28,2023-10-13
834,285,17,2023-05-14
835,83,38,2025-05-16
836,131,1,2023-12-05
837,239,46,2023-06-08
838,21,10,2023-11-27
839,306,4,2025-03-03
840,478,41,2024-09-22
841,432,43,2023-11-05
842,252,37,2024-07-17
843,184,5,2025-03-13
844,363,21,2024-06-22
845,113,12,2024-06-17
846,35,33,2023-06-13
847,213,35,2024-07-03
848,207,6,2023-12-24
849,114,14,2024-11-10
850,170,22,2024-01-05
851,151,14,2025-02-09
852,317,34,2024-05-01
853,288,49,2024-10-26
854,5,8,2024-11-15
855,178,29,2023-09-04
856,464,42,2024-09-20
857,471,40,2023-09-07
858,491,3,2024-11-29
859,454,21,2024-01-26
860,469,8,2024-01-31
861,132,35,2025-01-11
862,145,2,2024-06-13
863,421,50,2024-01-19
864,264,33,2024-04-01
865,250,3,2023-10-31
866,460,42,2023-07-17
867,165,33,2023-03-26
868,486,7,2023-06-21
869,498,50,2024-07-04
870,274,1,2024-10-03
871,34,14,2024-11-17
872,323,50,2023-08-07
873,443,44,2024-03-10
874,428,7,2023-07-30
875,276,45,2025-06-18
876,500,48,2025-03-04
877,223,42,2025-04-16
878,482,5,2025-02-03
879,352,10,2023-01-25
880,236,46,2023-12-06
881,20,6,2023-03-17
882,28,12,2025-03-24
883,129,36,2023-03-14
884,295,15,2023-09-22
885,209,25,2024-04-06
886,323,26,2024-03-19
887,162,2,2024-02-03
888,345,8,2024-07-01
889,4,42,2025-01-07
890,317,5,2025-02-13
891,382,38,2023-02-16
892,359,5,2024-01-02
893,476,33,2023-04-19
894,149,44,2023-11-05
895,311,6,2023-10-16
896,392,29,2024-01-26
897,203,43,2023-02-01
898,243,11,2024-06-30
899,113,9,2025-02-03
900,201,35,2023-10-30
901,492,41,2023-05-28
902,153,44,2025-06-27
903,469,47,2024-10-25
904,192,1,2024-07-20
905,448,36,2023-05-25
906,64,3,2023-01-06
907,294,39,2024-02-08
908,276,36,2023-03-29
909,157,14,2025-02-05
910,380,47,2023-12-19
911,109,27,2024-10-23
912,436,33,2023-05-26
913,83,12,2023-08-15
914,316,17,2023-07-18
915,59,12,2024-11-18
916,410,37,2025-05-22
917,28,49,2024-07-16
918,237,42,2024-07-16
919,38,19,2024-11-18
920,35,17,2023-04-11
921,102,47,2024-08-17
922,250,22,2024-01-01
923,66,43,2024-11-02
924,121,7,2023-10-19
925,318,5,2023-07-18
926,163,32,2024-04-06
927,169,40,2024-11-06
928,157,45,2024-08-21
929,79,37,2024-08-03
930,187,21,2024-03-14
931,87,1,2023-11-17
932,127,15,2024-12-30
933,379,42,2024-03-22
934,142,24,2023-05-18
935,348,47,2023-12-06
936,450,31,2024-04-18
937,229,23,2025-03-04
938,157,32,2024-07-18
939,56,12,2024-10-23
940,311,6,2025-05-11
941,144,9,2024-07-05
942,101,17,2025-01-21
943,454,41,2023-03-20
944,373,5,2023-01-20
945,435,33,2024-10-08
946,16,38,2024-08-15
947,208,50,2024-08-27
948,109,3,2024-07-18
949,134,35,2024-07-06
950,242,42,2025-03-04
951,77,24,2024-02-06
952,115,50,2024-08-26
953,376,19,2023-05-18
954,238,33,2024-06-06
955,47,26,2024-01-08
956,258,1,2024-11-09
957,123,40,2024-12-01
958,85,49,2024-06-10
959,72,29,2023-06-13
960,92,37,2024-08-02
961,338,10,2025-01-23
962,375,31,2024-01-03
963,21,15,2025-02-18
964,250,15,2023-03-06
965,136,24,2023-08-28
966,22,43,2023-07-31
967,266,24,2024-02-02
968,241,30,2025-06-21
969,24,3,2024-10-26
970,166,7,2024-12-21
971,496,34,2024-10-10
972,425,18,2025-05-04
973,380,17,2024-08-15
974,279,37,2023-06-28
975,193,42,2024-01-23
976,188,38,2024-10-31
977,460,5,2024-06-13
978,129,25,2023-08-17
979,265,26,2023-12-28
980,419,23,2024-05-13
981,406,31,2025-06-27
982,310,1,2024-05-28
983,452,9,2024-03-26
984,85,15,2023-03-20
985,264,42,2023-10-15
986,109,10,2023-07-11
987,81,24,2024-09-08
988,368,8,2024-11-07
989,118,27,2025-04-10
990,170,47,2023-04-27
991,247,44,2024-05-05
992,246,14,2024-08-27
993,83,42,2025-05-03
994,211,2,2023-09-07
995,23,9,2024-08-10
996,304,11,2023-05-18
997,323,33,2023-02-10
998,457,37,2023-05-31
999,29,11,2023-09-22
1000,473,12,2024-06-13
1001,491,26,2024-09-05
1002,497,37,2024-10-14
1003,10,47,2025-01-15
1004,339,19,2023-03-29
1005,111,29,2024-09-13
1006,242,31,2023-06-24
1007,113,27,2024-09-07
1008,74,38,2025-04-20
1009,393,12,2024-09-30
1010,338,33,2023-09-28
1011,86,47,2024-12-03
1012,176,30,2024-09-02
1013,303,5,2023-08-24
1014,194,25,2023-05-16
1015,56,2,2023-07-27
1016,268,33,2024-12-01
1017,215,10,2024-09-12
1018,50,12,2024-05-02
1019,462,40,2024-09-06
1020,20,35,2024-05-30
1021,386,8,2023-04-06
1022,247,43,2023-05-14
1023,462,39,2024-07-06
1024,424,1,2025-03-04
1025,348,42,2024-03-17
1026,268,27,2024-01-15
1027,448,3,2024-12-15
1028,272,28,2023-08-23
1029,481,31,2025-03-19
1030,394,25,2023-12-25
1031,302,48,2025-02-18
1032,429,45,2024-08-12
1033,51,28,2023-05-18
1034,131,31,2025-02-23
1035,120,6,2023-10-18
1036,307,35,2024-02-23
1037,132,13,2023-01-06
1038,364,48,2025-03-19
1039,4,37,2024-06-19
1040,61,34,2023-01-08
1041,193,42,2023-07-30
1042,353,21,2024-02-23
1043,186,7,2023-06-08
1044,219,42,2024-08-22
1045,130,17,2025-05-25
1046,275,28,2024-08-01
1047,188,40,2023-10-10
1048,349,26,2025-02-12
1049,105,27,2024-07-19
1050,402,36,2024-05-09
1051,92,24,2024-07-26
1052,285,31,2023-09-17
1053,158,37,2023-12-19
1054,397,46,2024-02-12
1055,377,9,2025-05-25
1056,443,43,2023-05-02
1057,383,15,2024-04-02
1058,401,45,2023-06-15
1059,52,14,2024-06-04
1060,206,22,2025-03-31
1061,282,40,2024-12-14
1062,351,46,2023-02-23
1063,83,25,2024-10-13
1064,3,6,2025-04-23
1065,75,31,2024-09-06
1066,223,6,2023-03-07
1067,135,15,2024-01-15
1068,41,39,2023-02-08
1069,371,25,2024-02-15
1070,315,42,2024-06-17
1071,147,46,2024-09-03
1072,30,50,2025-04-19
1073,90,41,2024-05-21
1074,225,1,2023-07-26
1075,436,43,2025-04-03
1076,266,19,2023-07-19
1077,18,39,2024-06-06
1078,265,45,2023-08-26
1079,315,11,2024-11-21
1080,19,24,2023-09-02
1081,336,1,2023-06-11
1082,45,18,2025-03-09
1083,205,23,2024-11-16
1084,203,26,2024-08-23
1085,103,34,2023-01-16
1086,378,46,2023-03-12
1087,471,6,2024-07-16
1088,146,47,2025-04-29
1089,287,38,2023-12-23
1090,178,18,2023-08-20
1091,311,13,2024-04-10
1092,477,26,2024-08-11
1093,3,17,2023-06-29
1094,209,33,2023-04-20
1095,287,5,2024-05-30
1096,151,22,2023-04-30
1097,412,33,2023-09-21
1098,449,35,2025-04-12
1099,407,37,2023-09-14
1100,356,29,2024-01-22
1101,289,31,2025-02-27
1102,125,49,2023-12-14
1103,493,50,2024-04-14
1104,349,30,2024-08-23
1105,442,2,2024-05-08
1106,60,17,2023-03-11
1107,196,41,2025-03-18
1108,113,44,2024-12-19
1109,118,21,2024-02-27
1110,490,23,2024-06-12
1111,275,1,2024-12-18
1112,427,17,2023-09-12
1113,148,6,2024-02-13
1114,345,48,2025-04-20
1115,176,5,2024-07-21
1116,477,12,2024-05-02
1117,161,23,2023-08-12
1118,458,37,2023-10-03
1119,94,48,2024-11-30
1120,477,13,2024-05-25
1121,378,13,2023-08-29
1122,377,16,2025-06-12
1123,136,14,2023-08-23
1124,104,16,2025-05-06
1125,317,23,2023-06-09
1126,399,7,2023-05-03
1127,472,6,2024-11-23
1128,490,43,2024-05-19
1129,315,1,2025-02-21
1130,439,35,2023-02-13
1131,435,31,2024-01-16
1132,318,21,2024-05-19
1133,460,37,2025-06-08
1134,141,32,2023-07-07
1135,392,33,2023-10-14
1136,204,15,2025-02-07
1137,296,9,2023-02-25
1138,270,28,2024-05-04
1139,482,35,2023-02-03
1140,258,23,2024-02-08
1141,441,44,2025-03-05
1142,90,30,2023-05-04
1143,358,34,2024-04-16
1144,162,45,2023-01-09
1145,7,44,2023-08-04
1146,195,38,2023-04-14
1147,167,24,2024-09-19
1148,442,17,2023-07-11
1149,281,17,2023-08-31
1150,138,31,2024-09-19
1151,176,24,2023-07-08
1152,256,28,2023-08-04
1153,215,45,2025-02-09
1154,191,24,2025-05-24
1155,206,18,2024-04-06
1156,93,37,2023-05-15
1157,295,44,2023-08-23
1158,417,7,2025-01-08
1159,139,16,2024-07-22
1160,222,25,2023-07-20
1161,75,48,2023-06-03
1162,243,1,2023-06-30
1163,216,32,2023-05-18
1164,458,41,2024-06-13
1165,274,47,2023-11-20
1166,403,32,2023-11-04
1167,129,36,2025-05-29
1168,291,4,2024-02-12
1169,51,45,2023-06-17
1170,31,14,2025-04-13
1171,131,31,2025-05-09
1172,323,7,2024-04-05
1173,382,22,2023-09-24
1174,185,24,2024-07-27
1175,286,17,2023-12-19
1176,11,27,2023-05-05
1177,180,44,2024-09-12
1178,102,37,2024-08-12
1179,333,42,2024-07-05
1180,90,50,2023-10-19
1181,182,21,2024-11-20
1182,262,32,2025-03-04
1183,378,29,2025-06-29
1184,41,25,2024-09-20
1185,147,30,2024-10-08
1186,490,10,2025-06-08
1187,86,41,2025-04-07
1188,476,22,2024-03-07
1189,324,40,2024-08-08
1190,208,5,2023-03-23
1191,83,22,2023-08-22
1192,161,21,2024-10-30
1193,150,46,2023-10-01
1194,310,42,2024-02-09
1195,139,29,2025-03-10
1196,442,24,2025-02-04
1197,301,34,2024-04-06
1198,212,11,2023-07-08
1199,438,2,2023-05-09
1200,373,16,2024-11-08
1201,129,48,2024-12-18
1202,384,6,2023-08-04
1203,86,26,2023-04-16
1204,49,5,2025-06-18
1205,243,36,2023-02-25
1206,14,50,2024-02-11
1207,269,49,2023-03-27
1208,54,17,2024-09-24
1209,80,6,2024-11-01
1210,477,25,2023-11-13
1211,118,16,2025-01-25
1212,146,29,2024-10-03
1213,65,9,2024-06-23
1214,430,11,2023-01-30
1215,18,43,2024-01-01
1216,441,21,2025-06-03
1217,244,30,2025-06-10
1218,277,18,2024-07-15
1219,228,9,2024-12-15
1220,277,12,2024-08-28
1221,306,30,2024-10-08
1222,384,41,2025-06-17
1223,289,28,2024-06-20
1224,328,41,2024-06-30
1225,159,23,2024-05-08
1226,277,15,2025-04-04
1227,46,29,2023-11-12
1228,188,27,2023-09-24
1229,80,20,2023-01-11
1230,1,34,2025-04-14
1231,389,9,2023-12-19
1232,147,31,2024-07-01
1233,5,45,2024-05-18
1234,485,49,2024-05-03
1235,154,1,2025-02-23
1236,221,19,2024-09-03
1237,119,1,2024-07-15
1238,192,13,2024-02-26
1239,452,36,2024-03-23
1240,203,16,2023-06-17
1241,367,48,2024-10-23
1242,200,25,2023-08-14
1243,135,6,2024-03-08
1244,321,16,2024-06-13
1245,392,40,2025-04-06
1246,356,44,2023-10-06
1247,146,42,2025-01-30
1248,273,18,2024-02-27
1249,97,5,2023-07-06
1250,70,19,2023-04-24
1251,327,30,2024-09-24
1252,232,18,2024-12-18
1253,319,32,2023-07-12
1254,165,2,2023-06-05
1255,26,35,2023-01-23
1256,96,7,2023-10-16
1257,138,9,2025-01-02
1258,225,47,2023-01-09
1259,120,6,2023-06-04
1260,8,32,2023-08-11
1261,176,27,2023-11-16
1262,403,32,2024-01-16
1263,238,45,2025-03-21
1264,17,22,2023-03-24
1265,432,49,2023-05-30
1266,29,18,2025-03-05
1267,201,5,2024-07-10
1268,241,12,2023-07-16
1269,459,17,2025-04-16
1270,196,1,2023-05-05
1271,499,50,2025-01-01
1272,128,25,2025-02-28
1273,500,29,2023-09-11
1274,378,3,2023-07-23
1275,236,48,2025-02-28
1276,49,34,2024-11-12
1277,107,31,2024-02-03
1278,349,20,2023-11-27
1279,82,41,2025-01-15
1280,22,48,2024-07-16
1281,267,8,2023-09-17
1282,247,41,2023-11-02
1283,102,24,2025-06-27
1284,27,43,2023-08-12
1285,499,8,2023-08-30
1286,325,28,2023-11-29
1287,8,11,2025-03-24
1288,142,38,2023-05-03
1289,203,16,2023-01-10
1290,497,3,2024-08-18
1291,402,45,2024-05-01
1292,353,39,2023-06-08
1293,191,50,2023-04-02
1294,128,11,2024-05-26
1295,47,44,2024-09-25
1296,174,49,2024-10-02
1297,31,4,2023-12-31
1298,331,10,2024-12-19
1299,275,7,2023-05-09
1300,250,15,2023-11-21
1301,286,42,2025-02-13
1302,178,29,2025-01-20
1303,99,2,2024-12-06
1304,194,23,2025-01-11
1305,69,17,2023-02-10
1306,249,46,2024-03-24
1307,287,19,2024-07-09
1308,357,32,2023-07-14
1309,291,12,2024-07-10
1310,179,21,2025-01-19
1311,240,18,2025-06-07
1312,426,39,2025-05-31
1313,284,11,2023-03-12
1314,272,10,2024-04-05
1315,152,17,2024-07-08
1316,188,30,2023-01-01
1317,398,41,2024-06-02
1318,195,47,2023-07-09
1319,453,2,2024-09-26
1320,439,24,2025-03-05
1321,318,16,2023-11-25
1322,370,5,2024-11-05
1323,496,35,2025-04-18
1324,199,13,2024-06-20
1325,350,32,2025-02-23
1326,283,10,2024-09-19
1327,145,21,2024-02-24
1328,329,21,2023-04-24
1329,50,34,2024-11-05
1330,35,3,2025-05-05
1331,481,9,2023-07-02
1332,448,3,2023-07-26
1333,55,32,2023-07-16
1334,51,3,2024-08-07
1335,329,25,2024-11-04
1336,251,34,2024-09-30
1337,360,38,2023-09-20
1338,26,24,2023-08-15
1339,311,46,2023-03-14
1340,7,14,2024-11-02
1341,252,6,2024-04-24
1342,411,41,2023-03-04
1343,185,36,2025-01-31
1344,481,27,2025-04-21
1345,189,46,2023-03-01
1346,422,40,2023-09-30
1347,271,3,2025-01-21
1348,37,20,2023-03-21
1349,484,14,2024-06-15
1350,50,7,2025-01-12
1351,119,35,2024-01-30
1352,98,13,2024-06-22
1353,337,16,2024-08-06
1354,321,12,2024-07-25
1355,384,36,2024-03-01
1356,383,7,2025-02-23
1357,327,37,2024-01-02
1358,346,30,2024-12-20
1359,341,28,2025-06-23
1360,54,11,2025-03-22
1361,93,36,2024-02-16
1362,259,22,2024-11-04
1363,81,35,2024-09-06
1364,227,23,2023-11-19
1365,282,21,2025-05-15
1366,191,27,2025-02-21
1367,325,28,2025-04-25
1368,372,21,2024-09-15
1369,124,37,2024-07-12
1370,110,25,2025-02-23
1371,282,48,2023-09-18
1372,185,29,2024-04-03
1373,492,26,2023-01-01
1374,372,3,2023-10-19
1375,306,2,2024-06-14
1376,70,20,2023-01-07
1377,154,15,2023-08-08
1378,439,21,2023-01-23
1379,396,45,2025-04-22
1380,142,36,2024-06-07
1381,285,37,2024-08-08
1382,80,7,2023-02-08
1383,236,23,2023-06-09
1384,71,17,2024-01-11
1385,456,38,2023-09-13
1386,120,17,2025-04-10
1387,154,6,2024-08-07
1388,205,37,2023-08-11
1389,376,5,2025-01-10
1390,167,31,2023-06-27
1391,250,45,2024-12-20
1392,296,7,2024-09-01
1393,329,20,2023-02-08
1394,375,37,2024-01-26
1395,41,50,2023-02-27
1396,472,50,2023-12-09
1397,179,28,2024-03-02
1398,477,8,2025-06-09
1399,395,15,2025-02-04
1400,335,39,2023-01-12
1401,325,50,2024-10-09
1402,196,4,2023-11-09
1403,269,3,2023-11-23
1404,277,37,2023-06-03
1405,168,33,2024-12-15
1406,114,10,2023-02-21
1407,345,47,2024-02-07
1408,498,29,2025-02-09
1409,305,37,2024-05-31
1410,47,15,2024-03-18
1411,149,26,2023-06-01
1412,68,22,2023-03-26
1413,244,37,2025-02-02
1414,26,36,2024-02-13
1415,135,6,2024-02-13
1416,257,28,2025-03-03
1417,358,9,2025-02-19
1418,70,31,2024-07-26
1419,102,32,2024-02-09
1420,334,37,2023-07-20
1421,288,40,2025-01-23
1422,269,16,2023-09-06
1423,37,18,2025-03-06
1424,221,21,2024-12-02
1425,474,37,2023-04-02
1426,58,43,2024-02-28
1427,217,24,2023-12-23
1428,98,21,2023-12-19
1429,305,42,2023-01-25
1430,395,20,2023-06-23
1431,180,40,2025-04-21
1432,412,29,2024-09-30
1433,75,29,2023-02-15
1434,474,15,2023-07-24
1435,351,24,2023-06-09
1436,388,47,2025-05-23
1437,44,8,2025-01-27
1438,28,16,2024-09-27
1439,475,10,2025-06-08
1440,427,19,2023-01-15
1441,176,45,2025-04-03
1442,57,20,2024-04-05
1443,242,2,2023-12-06
1444,108,48,2024-07-04
1445,109,14,2024-07-13
1446,268,49,2023-09-22
1447,281,31,2024-09-29
1448,374,10,2024-12-12
1449,358,43,2023-01-19
1450,193,38,2024-11-10
1451,270,3,2023-09-19
1452,88,4,2023-10-18
1453,103,45,2024-09-24
1454,139,4,2024-04-21
1455,336,1,2023-03-10
1456,199,43,2023-10-05
1457,340,43,2024-01-04
1458,443,7,2023-01-20
1459,150,42,2024-01-31
1460,119,25,2024-06-04
1461,364,7,2023-11-20
1462,249,39,2024-06-28
1463,46,12,2023-07-23
1464,257,30,2024-07-28
1465,475,46,2023-01-23
1466,21,16,2024-06-26
1467,157,22,2024-05-16
1468,202,48,2023-06-10
1469,10,23,2024-12-01
1470,181,23,2024-10-02
1471,155,16,2024-05-28
1472,142,4,2024-10-02
1473,132,25,2025-04-14
1474,16,36,2023-10-14
1475,116,10,2023-12-16
1476,460,26,2024-11-03
1477,71,6,2025-01-17
1478,196,34,2024-11-25
1479,314,41,2024-12-03
1480,117,27,2023-09-04
1481,294,10,2024-03-12
1482,497,20,2024-09-11
1483,169,29,2024-07-09
1484,68,14,2024-10-30
1485,71,38,2024-07-08
1486,351,13,2025-06-02
1487,71,20,2024-12-06
1488,362,34,2023-05-19
1489,221,50,2023-05-29
1490,336,37,2023-06-11
1491,163,5,2024-07-24
1492,273,47,2023-05-02
1493,95,21,2025-05-09
1494,451,10,2025-01-14
1495,16,49,2023-11-23
1496,451,27,2024-02-26
1497,156,29,2025-02-02
1498,479,41,2025-01-26
1499,141,10,2025-03-08
1500,97,7,2023-05-15
